id,descrizione,livello,timestampArrivo
T001,Server di produzione irraggiungibile,CRITICO,1732000000
T002,Richiesta nuovo account email,BASSO,1732000100
T003,Stampante piano 2 non funziona,MEDIO,1732000050
T004,Rete lenta in tutto edificio,ALTO,1732000020
T005,Errore login SSO,CRITICO,1732000010
T006,Aggiornamento software richiesto,basso,1732000200
T007,Monitor non si accende,MEDIO,1732000060
T008,Backup notturno fallito,ALTO,1732000005
T009,Richiesta accesso VPN,BASSO,1732000150
T010,Server di produzione irraggiungibile parte 2,CRITICO,1732000002
T011,Mouse non funziona,BASSO,1732000300
T012,Errore database produzione,CRITICO,1732000001
T013,Wifi ufficio 3 piano assente,ALTO
T014,,MEDIO,1732000070
T015,Impossibile stampare PDF,MEDIO,1732000080
T016,Password dimenticata,BASSO,1732000400
T017,Server backup irraggiungibile,critico,1732000003
T018,Licenza software scaduta,ALTO,abc123
